id,informal_group,scientific_name,common_name
359741,89,Achillea millefolium,Common name
358099,89,Acinos acinos,laa  nn
358100,89,Acinos arvensis,Common name
360150,89,Acrocentron scabiosa,laa  nn
360138,89,Acrocentron scabiosa,
360371,87,Acrostichum crispum,
357844,87,Acrostichum ruta-muraria,
359959,87,Acrostichum spicant,
357722,89,Aethusa cynapium,
357731,89,Agrimonia eupatoria,
357732,89,Agrimonia eupatoria var. sepium,
358375,89,Agropyron pungens,
358370,89,Agropyron pungens,
358357,89,Agropyron pycnanthum,
358374,89,Agropyron pycnanthum,
357745,89,Agrostis capillaris,
357746,89,Agrostis tenuis,
357747,89,Agrostis vulgaris,
358904,89,Aira caerulea,
360408,89,Aira cespitosa,
358308,89,Aira flexuosa,
359754,89,Ajuga reptans,
359764,89,Alchemilla alpina,
359771,89,Alisma gluckii,
359770,89,Alisma plantago-aquatica,
359777,89,Allium ursinum,
361433,87,Allosorus aquilinus,
361417,87,Allosorus aquilinus,
360372,87,Allosorus crispus,
358378,99,Allostelites arvense,
359786,89,Alnus alnus,
359784,89,Alnus glutinosa,
359793,89,Alnus glutinosa,
359787,89,Alnus rotundifolia,
357761,89,Alopecurus agrestis,
357753,89,Alopecurus geniculatus,
357759,89,Alopecurus myosuroides,
357760,89,Alopecurus myosuroides,
359511,89,Alsine marginata,
361770,89,Alsine media,
361760,89,Alsine media,
359526,89,Alsine rubra,
358892,89,Alsine verna,
361761,89,Alsinula media,
357845,87,Amesium ruta-muraria,
357771,89,Ammophila arenaria,
357772,89,Ammophila arundinacea,
361872,89,Amoria repens,
359794,89,Anagallis arvensis,
359809,89,Anagallis tenella,
359816,89,Anemone nemorosa,
359817,89,Anemonoides nemorosa,
359831,89,Angelica sylvestris,
359840,89,Antennaria dioica,
359839,89,Antennaria dioica,
359843,89,Antennaria dioica var. dioica,
359844,89,Antennaria dioica var. hyperborea,
359841,89,Antennaria hibernica,
359842,89,Antennaria hyperborea,
357786,89,Anthemis cotula,
361020,89,Anthericum ossifragum,
357813,89,Anthoxanthum alpinum,
357812,89,Anthoxanthum alpinum,
357796,89,Anthoxanthum odoratum,
357798,89,Anthoxanthum odoratum subsp. alpinum,
359855,89,Anthriscus sylvestris,
359868,89,Anthyllis maritima,
359870,89,Anthyllis maritima,
359873,89,Anthyllis rubra,
359869,89,Anthyllis rubra,
359867,89,Anthyllis vulneraria,
360802,89,Antirrhinum elatine,
358064,89,Antirrhinum minus,
358730,89,Antirrhinum spurium,
359886,89,Apium graveolens,
359899,89,Apium graveolens subsp. dulce,
359900,89,Apium graveolens subsp. dulce,
357815,89,Apium nodiflorum,
357824,89,Arabis brownii,
357836,89,Arabis brownii,
357825,89,Arabis ciliata,
357826,89,Arabis hibernica,
357822,89,Arabis hirsuta,
357823,89,Arabis hirsuta subsp. brownii,
357839,89,Arbutus uva-ursi,
368683,89,Arctium minus agg.,
368680,89,Arctium minus agg.,
368682,89,Arctium minus agg.,
368681,89,Arctium minus/nemorosum,
357838,89,Arctostaphylos uva-ursi,
357837,89,Arctostaphylos uva-ursi,
358893,89,Arenaria gerardi,
359514,89,Arenaria media,
358619,89,Arenaria peploides,
359527,89,Arenaria rubra,
359501,89,Arenaria rubra var. marina,
361009,89,Arenaria trinervia,
358894,89,Arenaria verna,
359902,89,Armeria maritima,
359901,89,Armeria maritima,
359903,89,Arum maculatum,
357774,89,Arundo arenaria,
361153,87,Aspelenium scolopendrium,
360571,89,Asperula odorata,
368954,87,Aspidium dentatum,
358572,87,Aspidium dryopteris,
368955,87,Aspidium fragile,
358984,87,Aspidium odoriferum,
358973,87,Aspidium oreopteris,
368956,87,Aspidium regium,
368957,87,Aspidium trifidum,
361420,87,Asplenium aquilinum,
360184,87,Asplenium ceterach,
361156,87,Asplenium elongatum,
357846,87,Asplenium murale,
357847,87,Asplenium murorum,
357843,87,Asplenium ruta-muraria,
361154,87,Asplenium scolopendrium,
361157,87,Asplenium scolopendrium subsp. officinale,
360186,87,Asplenium sinuatum,
359920,87,Asplenium trichomanes,
359921,87,Asplenium trichomanoides,
360187,87,Asplenium vulgare,
358695,89,Aster conyzae,
359926,89,Aster tripolium,
368958,87,Athyrium dentatum,
368959,87,Athyrium regium,
364651,89,Atriplex,
357856,89,Atriplex portulacoides,
358592,89,Avena pratensis,
358593,89,Avenochloa pratense,
358597,89,Avenochloa pratensis,
358594,89,Avenula pratense,
358595,89,Avenula pratensis,
357869,87,Azolla caroliniana,
357867,87,Azolla filiculoides,
357868,87,Azolla filiculoides var. filiculoides,
357870,87,Azolla pinnata,
359113,89,Baldingera arundinacea,
359935,89,Bellis perennis,
357875,89,Berula erecta,
357876,89,Berula erecta,
359944,89,Beta vulgaris,
361727,89,Betonica officinalis,
359788,89,Betula alnus var. glutinosa,
368684,89,Betula pubescens/pendula,
357888,89,Bidens peacockii,
357887,89,Bidens tripartita,
361143,89,Bistorta major,
361142,89,Bistorta officinalis,
359088,89,Bistorta vivipara,
359094,89,Bistorta vivipara,
359950,89,Blackstonia perfoliata,
359949,89,Blackstonia perfoliata,
359960,87,Blechnum boreale,
360373,87,Blechnum crispum,
361158,87,Blechnum linguifolium,
359957,87,Blechnum spicant,
360188,87,Blechnum squamosum,
368921,89,Brachypodium pinnatum agg.,
368923,89,Brachypodium pinnatum agg.,
368924,89,Brachypodium pinnatum agg.,
368922,89,Brachypodium pinnatum s.l.,
359972,89,Briza media,
357897,89,Bromopsis erecta,
357896,89,Bromopsis erecta,
357898,89,Bromus erecta,
357899,89,Bromus erectus,
357906,89,Bromus hordeaceus,
359986,89,Buddleja davidii,
359985,89,Buddleja davidii,
358121,89,Bunium majus,
360071,89,Bursa pastoris,
360085,89,Bursa pastoris,
360084,89,Bursa pastoris,
360072,89,Bursa penarthae,
357914,89,Butomus umbellatus,
358101,89,Calamintha acinos,
359993,89,Calluna vulgaris,
360019,89,Caltha minor,
360012,89,Caltha palustris,
360017,89,Caltha palustris polypetala,
360020,89,Caltha palustris subsp. flabellifolia,
360039,89,Caltha palustris subsp. minor,
360041,89,Caltha palustris subsp. minor,
360014,89,Caltha palustris subsp. palustris,
360013,89,Caltha palustris subsp. radicans,
360018,89,Caltha palustris var. flabellifolia,
360034,89,Caltha palustris var. flabellifolia,
360016,89,Caltha radicans,
360040,89,Caltha radicans,
360042,89,Calystegia sepium,
360043,89,Calystegia sepium agg.,
360052,89,Campanula gieseckiana,
360067,89,Campanula giesekiana,
360066,89,Campanula giesekiana,
360044,89,Campanula glomerata,
357920,89,Campanula latifolia,
360050,89,Campanula rotundifolia,
357928,89,Campanula trachelium,
360175,89,Capnoides claviculata,
360069,89,Capsella bursa-pastoris,
360070,89,Capsella bursa-pastoris,
360073,89,Capsella penarthae,
360087,89,Cardamine crassifolia,
360116,89,Cardamine crassifolia,
360093,89,Cardamine dentata,
360095,89,Cardamine dentata var. palustris,
360120,89,Cardamine hayneana,
360088,89,Cardamine hayneana,
360119,89,Cardamine matthioli,
360118,89,Cardamine matthioli,
360089,89,Cardamine matthioli,
360090,89,Cardamine nymanii,
360091,89,Cardamine palustris,
360086,89,Cardamine pratensis,
360094,89,Cardamine pratensis subsp. paludosa,
360092,89,Cardamine rivularis,
360235,89,Carduus acaulos,
360245,89,Carduus arvensis,
358080,89,Carduus dissectus,
358091,89,Carduus helenioides,
358088,89,Carduus heterophyllus,
360268,89,Carduus lanceolatus,
357937,89,Carduus nutans,
360259,89,Carduus palustris,
358076,89,Carduus pratensis,
360271,89,Carduus vulgaris,
357982,89,Carex acuta var. nigra,
358024,89,Carex ampullacea,
358025,89,Carex ampullacea,
357945,89,Carex arenaria,
357944,89,Carex arenaria,
357953,89,Carex bigelowii,
357952,89,Carex bigelowii,
357957,89,Carex bigelowii subsp. nardeticola,
357960,89,Carex bigelowii subsp. rigida,
357956,89,Carex bigelowii subsp. rigida,
357954,89,Carex concolor,
357999,89,Carex cuprina,
357990,89,Carex cuprina,
357998,89,Carex cuprina,
357964,89,Carex diversicolor,
357978,89,Carex eboracensis,
368739,89,Carex echinata,
357963,89,Carex flacca,
357962,89,Carex flacca,
357979,89,Carex gibsoni,
357965,89,Carex glauca,
357988,89,Carex goodenowii,
357980,89,Carex goodenowii,
358018,89,Carex inflata,
357981,89,Carex juncella,
357946,89,Carex ligerica,
357970,89,Carex limosa,
357991,89,Carex nemorosa,
357977,89,Carex nigra,
357989,89,Carex otrubae,
358000,89,Carex panicea,
360122,89,Carex paniculata,
360129,89,Carex pendula,
360130,89,Carex pendula,
358005,89,Carex pulicaris,
358011,89,Carex remota,
357955,89,Carex rigida,
358016,89,Carex rostrata,
368740,89,Carex stellulata,
358027,89,Carex sylvatica,
358026,89,Carex sylvatica,
357983,89,Carex vulgaris,
358034,89,Carlina vulgaris,
364661,89,Carpobrotus acinaciformis,
364662,89,Carpobrotus aequilaterus,
364658,89,Carpobrotus edulis,
364659,89,Carpobrotus edulis,
364660,89,Carpobrotus edulis var. chrysophthalmus,
364669,89,Carpobrotus edulis var. chrysophthalmus,
358570,87,Carpogymnia dryopteris,
358590,87,Carpogymnia dryopteris,
358119,89,Carum majus,
361048,89,Castalia alba,
359609,89,Caucalis anthriscus,
359611,89,Caucalis japonica,
360137,89,Centaurea scabiosa,
360152,89,Centranthus ruber,
358043,89,Cerastium arvense,
360157,89,Cerastium fontanum,
358050,89,Cerastium glomeratum,
358061,89,Cerastium viscosum,
358060,89,Cerastium viscosum,
358051,89,Cerastium viscosum,
360168,89,Cerastium vulgatum,
360172,89,Cerastium vulgatum,
360173,89,Ceratocapnos claviculata,
360174,89,Ceratocapnos claviculata,
359856,89,Cerefolium sylvestre,
360204,87,Ceterach ceterach,
360185,87,Ceterach ceterach,
360203,87,Ceterach ceterach,
360182,87,Ceterach officinarum,
360183,87,Ceterach officinarum,
360189,87,Ceterach vulgare,
358062,89,Chaenorhinum minus,
359857,89,Chaerophyllum sylvestre,
358070,89,Chaerophyllum temulentum,
358069,89,Chaerophyllum temulum,
358858,89,Chamomilla recutita,
360205,89,Chenopodium album,
360206,89,Chenopodium album,
360208,89,Chenopodium album subsp. reticulatum,
360207,89,Chenopodium album var. reticulatum,
359552,89,Chenopodium maritimum,
359951,89,Chlora perfoliata,
360846,89,Chrysanthemum leucanthemum,
368735,89,Chrysanthemum segetum,
359629,89,Chrysaspis campestre,
359641,89,Chrysaspis dubium,
360210,89,Chrysosplenium oppositifolium,
360218,89,Circaea lutetiana,
358086,89,Circium dissectum,
360234,89,Cirsium acaule,
358077,89,Cirsium anglicum,
360244,89,Cirsium arvense,
358075,89,Cirsium dissectum,
358096,89,Cirsium helenioides,
358097,89,Cirsium helenioides,
358087,89,Cirsium heterophyllum,
360269,89,Cirsium lanceolatum,
360258,89,Cirsium palustre,
358078,89,Cirsium pratense,
360267,89,Cirsium vulgare,
360669,89,Cistus nummularius,
360286,89,Clematis vitalba,
358098,89,Clinopodium acinos,
360236,89,Cnicus acaulos,
360246,89,Cnicus arvensis,
358090,89,Cnicus heterophyllus,
360270,89,Cnicus lanceolatus,
360260,89,Cnicus palustris,
358079,89,Cnicus pratensis,
364722,89,Cochlearia,
358107,89,Coeloglossum viride,
360302,89,Colchicum autumnale,
360139,89,Colymbada scabiosa,
361324,89,Comarum palustre,
358120,89,Conopodium denudatum,
358118,89,Conopodium majus,
358135,89,Cornus sanguinea,
360176,89,Corydalis claviculata,
360309,89,Corylus avellana,
360318,89,Crambe maritima,
358149,89,Crassula helmsii,
358150,89,Crassula recurva,
360329,89,Crataegus laciniata,
360328,89,Crataegus monogyna,
360330,89,Crataegus monogyna subsp. mongyna,
360332,89,Crataegus monogyna subsp. nordica,
358158,89,Crepis paludosa,
358629,89,Critesion secalinum,
358638,89,Critesion secalinum,
360349,89,Crithmum maritimum,
360366,89,Cruciata chersonensis,
360358,89,Cruciata chersonensis,
360357,89,Cruciata laevipes,
360370,87,Cryptogramma crispa,
360369,87,Cryptogramma crispa,
358573,87,Currania dryopteris,
360388,89,Cuscuta epithymum,
360390,89,Cuscuta europaea var. epithymum,
360389,89,Cuscuta trifolii,
368960,87,Cyathea alpina,
368961,87,Cyathea dentata,
368962,87,Cyathea fragilis,
368963,87,Cyathea incisa,
368986,87,Cyathea regia,
368948,87,Cyathea regia,
368964,87,Cyclopteris dentata,
368965,87,Cyclopteris fragilis,
368966,87,Cyclopteris regia,
358165,89,Cynoglossum officinale,
360399,89,Cynosurus cristatus,
368967,87,Cystea angustata,
368968,87,Cystea dentata,
368969,87,Cystea fragilis,
368970,87,Cystea regia,
368945,87,Cystopteris alpina,
368984,87,Cystopteris alpina,
368946,87,Cystopteris dentata,
358176,87,Cystopteris dickieana,
358175,87,Cystopteris dickieana,
358180,87,Cystopteris fragilis,
368944,87,Cystopteris fragilis,
368971,87,Cystopteris fragilis subsp. alpina,
368985,87,Cystopteris fragilis subsp. dentata,
368951,87,Cystopteris fragilis subsp. dentata,
358177,87,Cystopteris fragilis subsp. dickieana,
358188,87,Cystopteris fragilis subsp. dickieana,
368972,87,Cystopteris fragilis subsp. eu-fragilis,
368973,87,Cystopteris fragilis subsp. regia,
368988,87,Cystopteris fragilis var. angustata,
368949,87,Cystopteris fragilis var. angustata,
368987,87,Cystopteris fragilis var. dentata,
368950,87,Cystopteris fragilis var. dentata,
358189,87,Cystopteris fragilis var. dickieana,
358178,87,Cystopteris fragilis var. dickieana,
368983,87,Cystopteris fragilis var. regia,
368952,87,Cystopteris fragilis var. regia,
368947,87,Cystopteris regia,
358179,87,Cystopteris regia var. dickieana,
358187,87,Cystopteris regia var. dickieana,
358190,89,Cytisus scoparius,
358214,89,Dactylorchis fuchsii,
358210,89,Dactylorchis fuchsii subsp. hebridensis,
358250,89,Dactylorchis fuchsii subsp. hebridensis,
358225,89,Dactylorchis fuchsii subsp. okellyi,
358259,89,Dactylorchis maculata,
358226,89,Dactylorchis okellyi,
358286,89,Dactylorchis praetermissa,
358273,89,Dactylorchis praetermissa,
358288,89,Dactylorchis praetermissa var. junialis,
358277,89,Dactylorchis praetermissa var. junialis,
358206,89,Dactylorhiza fuchsii,
358205,89,Dactylorhiza fuchsii,
358220,89,Dactylorhiza fuchsii subsp. cornubiensis,
358252,89,Dactylorhiza fuchsii subsp. fuchsii,
358207,89,Dactylorhiza fuchsii subsp. fuchsii,
358238,89,Dactylorhiza fuchsii subsp. hebridensis,
358208,89,Dactylorhiza fuchsii subsp. hebridensis,
358209,89,Dactylorhiza fuchsii subsp. okellyi,
358249,89,Dactylorhiza fuchsii subsp. okellyi,
358219,89,Dactylorhiza fuchsii var. alpina,
358240,89,Dactylorhiza fuchsii var. alpina,
358246,89,Dactylorhiza fuchsii var. hebridensis,
358221,89,Dactylorhiza fuchsii var. hebridensis,
358222,89,Dactylorhiza fuchsii var. okellyi,
358251,89,Dactylorhiza fuchsii var. okellyi,
358227,89,Dactylorhiza hebridensis,
358248,89,Dactylorhiza longebracteata,
358245,89,Dactylorhiza longebracteata,
358257,89,Dactylorhiza maculata,
358258,89,Dactylorhiza maculata,
358256,89,Dactylorhiza maculata subsp. fuchsii,
358236,89,Dactylorhiza maculata subsp. fuchsii,
358241,89,Dactylorhiza maculata subsp. fuchsii,
358242,89,Dactylorhiza maculata subsp. fuchsii,
358243,89,Dactylorhiza maculata subsp. fuchsii,
358247,89,Dactylorhiza maculata subsp. fuchsii,
358253,89,Dactylorhiza maculata subsp. fuchsii,
358254,89,Dactylorhiza maculata subsp. fuchsii,
358255,89,Dactylorhiza maculata subsp. fuchsii,
358244,89,Dactylorhiza maculata subsp. okellyi,
358223,89,Dactylorhiza maculata subsp. okellyi,
358280,89,Dactylorhiza majalis subsp. pardalina,
358272,89,Dactylorhiza majalis subsp. praetermissa,
358287,89,Dactylorhiza majalis subsp. praetermissa,
358279,89,Dactylorhiza majalis var. junialis,
358237,89,Dactylorhiza okellyi,
358217,89,Dactylorhiza okellyi,
358281,89,Dactylorhiza pardalina,
358269,89,Dactylorhiza praetermissa,
358270,89,Dactylorhiza praetermissa,
358276,89,Dactylorhiza praetermissa forma junialis,
358271,89,Dactylorhiza praetermissa subsp. junialis,
358212,89,Dactyorchis fuchsii subsp. fuchsii,
358290,89,Daphne laureola,
358297,89,Daucus carota,
360407,89,Deschampsia caespitosa,
360409,89,Deschampsia cespitosa,
360406,89,Deschampsia cespitosa,
358307,89,Deschampsia flexuosa,
358319,78,Diaphasium alpinum,
360417,89,Digitalis purpurea,
359112,89,Digraphis arundinacea,
369555,89,Dioscorea communis,
358316,78,Diphasiastrum alpinum,
358317,78,Diphasiastrum complanatum subsp. alpinum,
358322,78,Diphasium alpinum,
360438,89,Dipsacus fullonum,
360437,89,Dipsacus fullonum,
360177,89,Dissosperma claviculata,
359551,89,Dondia maritima,
358332,89,Drosera anglica,
358336,89,Drosera intermedia,
358337,89,Drosera longifolia,
358333,89,Drosera longifolia,
360439,89,Drosera rotundifolia,
358587,87,Dryopteris disjuncta,
358571,87,Dryopteris disjuncta,
358566,87,Dryopteris dryopteris,
358585,87,Dryopteris dryopteris,
358980,87,Dryopteris limbosperma,
359003,87,Dryopteris limbosperma,
358574,87,Dryopteris linnaeana,
358985,87,Dryopteris montana,
358974,87,Dryopteris oreopteris,
358575,87,Dryopteris pulchella,
358345,89,Eleocharis multicaulis,
358344,89,Eleocharis multicaulis,
368685,89,Elodea canadensis/nutallii,
358358,89,Elymus athericus,
358373,89,Elymus athericus,
358376,89,Elymus pungens,
358372,89,Elymus pungens,
358368,89,Elymus pycnanthus,
358360,89,Elymus pycnanthus,
358354,89,Elytrigia atherica,
358355,89,Elytrigia atherica,
358371,89,Elytrigia atherica,
358363,89,Elytrigia pungens,
358362,89,Elytrigia pycnantha,
358369,89,Elytrigia pycnantha,
360454,89,Empetrum nigrum,
360718,89,Endymion non-scripta,
360719,89,Endymion non-scriptus,
358948,89,Enydria aquatica,
360458,89,Epilobium hirsutum,
358390,99,Equisetum arenarium,
358377,99,Equisetum arvense,
368709,99,Equisetum fluviatile,
368711,99,Equisetum fluviatile subsp. limosum,
368723,99,Equisetum fluviatile subsp. limosum,
368712,99,Equisetum heleocharis,
368713,99,Equisetum lacustre,
368710,99,Equisetum limosum,
368714,99,Equisetum limosum subsp. fluviatile,
368715,99,Equisetum limosum var. fluviatile,
358391,99,Equisetum nodosum,
358389,99,Equisetum palustre,
358392,99,Equisetum tuberosum,
358379,99,Equisetum umbrosum,
360465,89,Erica cinerea,
360476,89,Erica tetralix,
359994,89,Erica vulgaris,
358400,89,Eriophorum angustifolium,
358428,89,Eriophorum brachyantherum,
358427,89,Eriophorum brachyantherum,
358426,89,Eriophorum brachyantherum,
358414,89,Eriophorum opacum,
358412,89,Eriophorum vaginatum,
362057,89,Ervum hirsutum,
358429,89,Euonymus europaeus,
360482,89,Euphorbia amygdaloides,
358440,89,Euphorbia exigua,
360489,89,Euphorbia helioscopia,
360483,89,Euphorbia turneri,
358963,89,Euphrasia verna,
361436,87,Eupteris aquilina,
361415,87,Eupteris aquilina,
358445,89,Filago minima,
358446,89,Filago minima,
360524,89,Filipendula hexapetala,
360525,89,Filipendula hexapetala,
360499,89,Filipendula ulmaria,
360518,89,Filipendula vulgaris,
361348,89,Fragaria sterilis,
360526,89,Fragaria vesca,
364719,89,Fumaria,
360178,89,Fumaria claviculata,
359652,89,Galearia fragifera,
359658,89,Galearia fragifera,
359651,89,Galearia fragiferum,
360812,89,Galeobdolon luteum,
360814,89,Galeopsis galeobdolon,
360542,89,Galium aparine,
358453,89,Galium boreale,
360359,89,Galium cruciata,
360584,89,Galium harcynicum,
360585,89,Galium hercynicum,
360563,89,Galium mollugo,
360570,89,Galium odoratum,
358462,89,Galium palustre,
358475,89,Galium pumilum subsp. septentrionale,
360586,89,Galium rupicola,
360583,89,Galium saxatile,
358473,89,Galium sterneri,
358474,89,Galium sterneri subsp. septentrionale,
360593,89,Galium verum,
360594,89,Galium verum subsp. maritimum,
358479,89,Genista anglica,
358490,89,Genista tinctoria,
358510,89,Gentiana amarella,
359952,89,Gentiana perfoliata,
358509,89,Gentianella amarella,
358508,89,Gentianella amarella,
358525,89,Geranium angulatum,
360605,89,Geranium robertianum,
358516,89,Geranium sanguineum,
358524,89,Geranium sylvaticum,
360623,89,Geum urbanum,
360639,89,Glaucium flavum,
360640,89,Glaucium glaucium,
360641,89,Glaucium luteum,
358539,89,Glaux maritima,
368724,89,Glebionis segetum,
360650,89,Glechoma hederacea,
358543,89,Glyceria aquatica,
359161,89,Glyceria burdoni,
359162,89,Glyceria festuciformis,
359163,89,Glyceria maritima,
358542,89,Glyceria maxima,
358541,89,Glyceria maxima,
359845,89,Gnaphalium dioicum,
358448,89,Gnaphalium minimum,
360190,87,Grammitis ceterach,
358557,89,Gymnadena conopsea,
358553,89,Gymnadenia conopsea,
358554,89,Gymnadenia conopsea,
358576,87,Gymnocarpium disjunctum,
358565,87,Gymnocarpium dryopteris,
360191,87,Gymnogramma ceterach,
360192,87,Gymnopteris ceterach,
359146,89,Habenaria bifolia,
358555,89,Habenaria conopsea,
358556,89,Habenaria gymnadenia,
364657,89,Halimione,
357857,89,Halimione portulacoides,
358792,89,Haloscias scotica,
360658,89,Hedera helix,
360665,89,Helianthemum bickhami,
360666,89,Helianthemum chamaecistus,
360680,89,Helianthemum chamaecistus,
360667,89,Helianthemum helianthemum,
360664,89,Helianthemum nummularium,
360663,89,Helianthemum nummularium,
360681,89,Helianthemum vulgare,
360679,89,Helianthemum vulgare,
358596,89,Helictotrichon alpinum,
358591,89,Helictotrichon pratense,
359125,89,Helminthotheca echioides,
359124,89,Helmintia echioides,
358983,87,Hemesteum montanum,
358986,87,Hemestheum montanum,
360193,87,Hemidictyum ceterach,
358604,89,Heracleum mantegazzianum,
360682,89,Heracleum sphondylium,
358159,89,Hieracium paludosum,
361178,89,Hieracium pilosella,
361188,89,Hieracium pilosella subsp. euronotum,
361189,89,Hieracium pilosella subsp. melanops,
361190,89,Hieracium pilosella subsp. micradenium,
361191,89,Hieracium pilosella subsp. tricholepium,
361192,89,Hieracium pilosella subsp. trichosoma,
360700,89,Hippocrepis comosa,
360710,89,Hippuris vulgaris,
358608,89,Holcus lanatus,
358618,89,Honckenya peploides,
358620,89,Honkenya peploides,
358637,89,Hordeum nodosum,
358636,89,Hordeum nodosum,
358628,89,Hordeum pratense,
358626,89,Hordeum secalinum,
358625,89,Hordeum secalinum,
358639,89,Hottonia palustris,
358647,78,Huperzia selago,
358648,78,Huperzia selago,
358651,78,Huperzia selago subsp. arctica,
360717,89,Hyacinthoides non-scripta,
360722,89,Hyacinthus non-scriptus,
360728,89,Hydrocharis morsus-ranae,
360731,89,Hydrocotyle vulgaris,
358670,89,Hypericum acutum,
358663,89,Hypericum elodes,
358671,89,Hypericum quadrangulum,
358672,89,Hypericum quadratum,
358669,89,Hypericum tetrapterum,
358668,89,Hypericum tetrapterum,
358681,89,Hypochaeris radicata,
358682,89,Hypochoeris radicata,
360748,89,Ilex aquifolium,
360756,89,Impatiens glandulifera,
360757,89,Impatiens roylei,
358692,89,Inula conyza,
358691,89,Inula conyzae,
358693,89,Inula squarrosa,
358694,89,Inula vulgaris,
360766,89,Iris pseudacorus,
358706,89,Jasione montana,
358820,89,Juncoides multiflora,
358832,89,Juncoides sylvatica,
358822,89,Juncus campestris var. multiflorus,
358714,89,Juncus gerardii,
368690,89,Juncus inflexus/effusus/conglomeratus,
358720,89,Juncus squarrosus,
358843,89,Juncus sylvaticus,
358833,89,Juncus sylvaticus,
360787,81,Juniperus borealis,
360785,81,Juniperus communis,
360800,89,Kickxia elatine,
358727,89,Kickxia spuria,
358738,89,Knautia arvensis,
358737,89,Knautia arvensis,
358923,89,Lactuca muralis,
358751,89,Lactuca scariola,
358750,89,Lactuca serriola,
360820,89,Lamiastrum galeobdolon,
358757,89,Lamium amplexicaule,
360809,89,Lamium galeobdolon,
358577,87,Lastrea dryopteris,
359004,87,Lastrea limbosperma,
358981,87,Lastrea limbosperma,
359001,87,Lastrea montana,
358975,87,Lastrea montana,
359002,87,Lastrea oreopteris,
358976,87,Lastrea oreopteris,
358768,89,Lathyrus linifolius,
358767,89,Lathyrus linifolius,
358783,89,Lathyrus linifolius var. montanus,
358769,89,Lathyrus linifolius var. montanus,
358770,89,Lathyrus macrorrhizus,
358771,89,Lathyrus montanus,
360825,89,Lathyrus pratensis,
358772,89,Lathyrus tuberosus,
358785,89,Lemna gibba,
359535,89,Lemna polyrhiza,
360836,89,Lemna trisculca,
360835,89,Lemna trisulca,
358846,78,Lepidotis clavata,
358855,78,Lepidotis clavata,
360845,89,Leucanthemum vulgare,
358791,89,Ligusticum scoticum,
364694,89,Limonium,
360801,89,Linaria elatine,
358063,89,Linaria minor,
358728,89,Linaria spuria,
360854,89,Linum catharticum,
358801,89,Listera cordata,
358800,89,Listera cordata,
368925,89,Listera ovata,
368936,89,Listera ovata,
368937,89,Listera ovata,
368926,89,Listera ovata,
360861,89,Littorella lacustris,
360860,89,Littorella uniflora,
358809,89,Lobelia dortmanna,
358447,89,Logfia minima,
359958,87,Lomaria spicant,
360868,89,Lonicera periclymenum,
360889,89,Lotus corniculatus,
360911,89,Lotus major,
360910,89,Lotus pedunculatus,
360920,89,Lotus uliginosus,
360912,89,Lotus uliginosus,
358821,89,Luzula erecta,
358834,89,Luzula maxima,
358819,89,Luzula multiflora,
358831,89,Luzula sylvatica,
358830,89,Luzula sylvatica,
361664,89,Lychnis dioica,
368771,89,Lychnis flos-cuculi,
368756,89,Lychnis flos-cuculi,
361689,89,Lychnis vespertina,
358652,78,Lycopodium abietiforme,
358318,78,Lycopodium alpinum,
358323,78,Lycopodium chamaecyparissus,
358845,78,Lycopodium clavatum,
358321,78,Lycopodium complanatum,
358329,78,Lycopodium complanatum,
358331,78,Lycopodium complanatum,
358330,78,Lycopodium complanatum subsp. alpinum,
358320,78,Lycopodium complanatum subsp. alpinum,
358653,78,Lycopodium densum,
358649,78,Lycopodium selago,
360923,89,Lycopus europaeus,
360935,89,Lysichiton americanus,
360934,89,Lysichiton americanus,
358533,89,Lysimachia maritima,
358540,89,Lysimachia maritima,
360940,89,Lysimachia nemorum,
359810,89,Lysimachia tenella,
360951,89,Lysimachia vulgaris,
360957,89,Lythrum salicaria,
358857,89,Matricaria chamomilla,
358865,89,Matricaria chamomilla,
358859,89,Matricaria chamomilla var. recutita,
359679,89,Matricaria inodora,
359687,89,Matricaria maritima subsp. inodora,
359678,89,Matricaria maritima subsp. inodora,
359681,89,Matricaria perforata,
358856,89,Matricaria recutita,
358868,89,Medicago lupulina,
358869,89,Medicago lupulina subsp. willdenowiana,
358875,89,Medicago lupulina subsp. willdenowiana,
358876,89,Melampyrum pratense,
358877,89,Melampyrum vulgatum,
361665,89,Melandrium dioicum,
361668,89,Melandrium dioicum var. zetlandicum,
361666,89,Melandrium rubrum,
360971,89,Melica uniflora,
360978,89,Mentha aquatica,
360984,89,Menyanthes trifoliata,
360995,89,Mercurialis perennis,
364663,89,Mesembryanthemum edule,
359680,89,Metricaria perforata,
358065,89,Microrrhinum minus,
364644,89,Milium effusum,
358895,89,Minuartia gerardi,
358891,89,Minuartia verna,
358654,78,Mirmau selago,
361008,89,Moehringia trinervia,
358903,89,Molinia caerulea,
358545,89,Molinia maxima,
358914,89,Montia fontana,
358922,89,Mycelis muralis,
358929,89,Myrica gale,
358946,89,Myriophyllum aquaticum,
358945,89,Myriophyllum aquaticum,
358947,89,Myriophyllum brasiliense,
358952,89,Myriophyllum brasiliense,
358953,89,Nardus stricta,
361019,89,Narthecium ossifragum,
361018,89,Narthecium ossifragum,
359190,89,Nasturtium officianale,
359208,89,Nasturtium officinale,
359192,89,Nasturtium officinale,
368935,89,Neottia ovata,
360651,89,Nepeta glechoma,
360657,89,Nepeta hederacea,
360652,89,Nepeta hederacea,
358578,87,Nephrodium dryopteris,
358987,87,Nephrodium montanum,
358977,87,Nephrodium oreopteris,
360194,87,Notolepeum ceterach,
361031,89,Nuphar lutea,
361030,89,Nuphar lutea,
361047,89,Nymphaea alba,
361032,89,Nymphaea lutea,
359416,89,Oberna uniflora,
364656,89,Obione,
357858,89,Obione portulacoides,
358962,89,Odontites verna,
358961,89,Odontites vernus,
360374,87,Onoclea crispa,
361086,87,Ophioglossum osmunda,
361062,87,Ophioglossum vulgatum,
358802,89,Ophrys cordata,
368927,89,Ophrys ovata,
358228,89,Orchis ? meyeri,
359147,89,Orchis bifolia,
358558,89,Orchis conopsea,
358215,89,Orchis fuchsii,
358213,89,Orchis fuchsii subsp. hebridensis,
358218,89,Orchis hebridensis,
358229,89,Orchis longebracteata,
358267,89,Orchis maculata,
358260,89,Orchis maculata,
358224,89,Orchis maculata var. okellyi,
361063,89,Orchis mascula,
361064,89,Orchis morio var. mascula,
358274,89,Orchis pardalina,
358275,89,Orchis praetermissa,
358278,89,Orchis praetermissa var. pulchella,
358972,87,Oreopteris limbosperma,
358971,87,Oreopteris limbosperma,
361075,89,Origanum vulgare,
361438,87,Ornithopteris aquilina,
361418,87,Ornithopteris aquilina,
359005,89,Ornithopus perpusillus,
358773,89,Orobus linifolius,
358774,89,Orobus tuberosus,
359961,87,Osmunda borealis,
360375,87,Osmunda crispa,
361085,87,Osmunda regalis,
360376,87,Osmunda rupestris,
359962,87,Osmunda spicant,
361102,89,Oxalis acetosella,
361977,89,Oxycoccos oxycoccos,
361978,89,Oxycoccos palustris,
361979,89,Oxycoccos quadripetalus,
361990,89,Oxycoccus oxycoccos,
361980,89,Oxycoccus oxycoccos,
361981,89,Oxycoccus quadripetalus,
361123,89,Oxyria digyna,
361419,87,Paesia aquilina,
361439,87,Paesia aquilina,
359014,89,Pastinaca sativa,
359015,89,Pastinaca sativa subsp. sylvestris,
359017,89,Pastinaca sativa var. sylvestris,
359018,89,Pastinaca sylvestris,
359040,89,Pedicularis palustris,
359052,89,Pedicularis sylvatica,
361129,89,Persicaria amphibia,
361130,89,Persicaria amphibia,
361140,89,Persicaria bistorta,
359067,89,Persicaria lapathifolia,
359066,89,Persicaria lapathifolia,
359084,89,Persicaria vivipara,
359085,89,Persicaria vivipara,
359095,89,Petasites hybridus,
359096,89,Petasites hybridus,
359101,89,Petasites hybridus 'female',
359102,89,Petasites hybridus 'male',
359097,89,Petasites ovatus,
359098,89,Petasites petasites,
359099,89,Petasites vulgaris,
359016,89,Peucedanum sativum,
359406,89,Peucedanum silaus,
359111,89,Phalaris arundinacea,
359114,89,Phalaroides arundinacea,
358567,87,Phegopteris dryopteris,
358588,87,Phegopteris dryopteris,
358988,87,Phegopteris oreopteris,
359174,89,Phippsia maritima,
359167,89,Phippsia maritima,
360377,87,Phorolobus crispus,
361152,87,Phyllitis scolopendrium,
361159,87,Phyllitis vulgaris,
359123,89,Picris echioides,
361193,89,Pilosella euronota,
361194,89,Pilosella melanops,
361177,89,Pilosella officinarum,
361176,89,Pilosella officinarum,
361212,89,Pilosella officinarum subsp. concinnata,
361186,89,Pilosella officinarum subsp. concinnata,
361179,89,Pilosella officinarum subsp. euronota,
361206,89,Pilosella officinarum subsp. euronota,
361180,89,Pilosella officinarum subsp. melanops,
361209,89,Pilosella officinarum subsp. melanops,
361211,89,Pilosella officinarum subsp. micradenia,
361181,89,Pilosella officinarum subsp. micradenia,
361187,89,Pilosella officinarum subsp. nigrescens,
361208,89,Pilosella officinarum subsp. nigrescens,
361182,89,Pilosella officinarum subsp. officinarum,
361183,89,Pilosella officinarum subsp. tricholepia,
361214,89,Pilosella officinarum subsp. tricholepia,
361184,89,Pilosella officinarum subsp. trichoscapa,
361207,89,Pilosella officinarum subsp. trichoscapa,
361185,89,Pilosella officinarum subsp. trichosoma,
361213,89,Pilosella officinarum subsp. trichosoma,
361195,89,Pilosella trichocarpa,
361196,89,Pilosella tricholepia,
359133,89,Pimpinella major,
359132,89,Pimpinella major,
359134,89,Pimpinella saxifraga var. major,
359140,89,Pinguicula lusitanica,
361215,89,Pinguicula vulgaris,
361228,89,Plantago coronopus,
361269,89,Plantago edmondstonii,
361270,89,Plantago hudsoniana,
361246,89,Plantago lanceolata,
361268,89,Plantago maritima,
361282,89,Plantago media,
361229,89,Plantago sabrinae,
361245,89,Plantago sabrinae,
361247,89,Plantago timbali,
360862,89,Plantago uniflora,
359145,89,Platanthera bifolia,
358544,89,Poa aquatica,
359164,89,Poa maritima,
368689,89,Polygala serpyllifolia/vulgaris,
361131,89,Polygonum amphibia,
361132,89,Polygonum amphibium,
361141,89,Polygonum bistorta,
359068,89,Polygonum lapathifolia,
359069,89,Polygonum lapathifolium,
359070,89,Polygonum laxum,
359071,89,Polygonum maculatum,
359072,89,Polygonum nodosum,
359073,89,Polygonum pecticale,
359074,89,Polygonum scabrum,
359086,89,Polygonum vivipara,
359087,89,Polygonum viviparum,
361421,87,Polypodium austriacum,
360378,87,Polypodium crispum,
368974,87,Polypodium dentatum,
358568,87,Polypodium dryopteris,
358579,87,Polypodium dryopteris var. disjunctum,
368975,87,Polypodium fragile,
358989,87,Polypodium limbosperma,
358982,87,Polypodium limbospermum,
358990,87,Polypodium montanum,
358991,87,Polypodium oreopteris,
358580,87,Polypodium pulchellum,
368976,87,Polypodium regium,
368953,87,Polypodium rhaeticum,
358992,87,Polypodium thelypteris,
368977,87,Polypodium trifidum,
358581,87,Polystichum dryopteris,
358993,87,Polystichum montanum,
358994,87,Polystichum oreopteris,
361290,89,Potamogeton crispus,
361300,89,Potamogeton oblongus,
359155,89,Potamogeton perfoliatus,
361299,89,Potamogeton polygonifolius,
361298,89,Potamogeton polygonifolius,
361301,89,Potamogeton spathulatus,
361306,89,Potentilla anserina,
361305,89,Potentilla anserina,
361325,89,Potentilla comarum,
361307,89,Potentilla erecta,
361347,89,Potentilla fragariastrum,
361323,89,Potentilla palustris,
361331,89,Potentilla reptans,
361308,89,Potentilla silvestris,
361346,89,Potentilla sterilis,
361309,89,Potentilla tormentilla,
361578,89,Poterium officinale,
361588,89,Poterium officinale,
361575,89,Poterium sanguisorba,
358924,89,Prenanthes muralis,
361369,89,Primula acaulis,
361355,89,Primula veris,
361370,89,Primula veris var. acaulis,
361368,89,Primula vulgaris,
361367,89,Primula vulgaris,
361386,89,Prunella vulgaris,
361396,89,Prunus spinosa,
357773,89,Psamma arenaria,
361414,87,Pteridium aquilinum,
361416,87,Pteris aquilina,
361422,87,Pteris borealis,
360379,87,Pteris crispa,
361423,87,Pteris foemina,
361424,87,Pteris lanuginosa,
359160,89,Puccinellia maritima,
359159,89,Puccinellia maritima,
361707,89,Pyrus aucuparia,
368747,89,Radicula islandica,
359191,89,Radicula nasturtium-aquaticum,
368748,89,Radicula palustris,
368939,89,Ranunculus (Batrachian) spp.,
361440,89,Ranunculus acris,
361454,89,Ranunculus aleae,
361453,89,Ranunculus bulbosus,
361455,89,Ranunculus bulbosus subsp. bulbifer,
361462,89,Ranunculus bulbosus subsp. bulbifer,
361464,89,Ranunculus repens,
361472,89,Ranunculus sceleratus,
361473,89,Ranunculus scleratus,
368938,89,Ranunculus spp. (water-crowfoots),
361479,89,Reseda lutea,
361485,89,Reseda luteola,
361480,89,Reseda stricta,
359175,89,Rhamnus cathartica,
359176,89,Rhamnus catharticus,
361492,89,Rhinanthus borealis,
361493,89,Rhinanthus crista-galli,
361494,89,Rhinanthus drummond-hayi,
361495,89,Rhinanthus groenlandicus,
361491,89,Rhinanthus minor,
361496,89,Rhinanthus rusticulus,
361497,89,Rhinanthus vachellae,
361627,89,Rhodalia rosea,
361629,89,Rhodiola rosea,
361992,89,Rhodococcum vitis-idaea,
361514,89,Rhododendron ponticum,
361515,89,Rhododendron ponticum ponticum,
359183,89,Rhynchospora alba,
359189,89,Rorippa nasturtium-aquaticum,
368746,89,Rorippa palustris,
361523,89,Rosa rugosa,
361524,89,Rosa rugosa,
359209,89,Rubus chamaemorus,
364670,89,Rubus fruticosus agg.,
364671,89,Rubus fruticosus agg.,
359220,89,Rubus saxatilis,
361529,89,Rumex acetosa,
361537,89,Rumex acetosella,
361549,89,Rumex crispus,
368688,89,Rumex crispus/obtusifolius,
361124,89,Rumex digynus,
359225,89,Rumex hydrolapathum,
359224,89,Rumex hydrolapathum,
359237,89,Ruscus aculeatus,
359257,89,Sagina apetala,
359263,89,Sagina nodosa,
361556,89,Sagittaria sagittifolia,
361573,89,Salix arenaria,
361563,89,Salix arenaria,
361562,89,Salix repens,
361564,89,Salix repens subsp. argentea,
359271,89,Salvia horminoides,
359270,89,Salvia verbenaca,
361574,89,Sanguisorba minor,
361577,89,Sanguisorba officinalis,
361590,89,Sanicula europaea,
358191,89,Sarothamnus scoparius,
358102,89,Satureja acinos,
359291,89,Saxifraga aizoides,
359297,89,Saxifraga angustifolia,
359313,89,Saxifraga crawfordii,
359298,89,Saxifraga elongella,
361595,89,Saxifraga granulata,
359296,89,Saxifraga hypnoides,
359299,89,Saxifraga laetevirens,
359300,89,Saxifraga leptophylla,
361603,89,Saxifraga oppositifolia,
359301,89,Saxifraga platypetala,
359311,89,Saxifraga platypetala,
359302,89,Saxifraga recurva,
359303,89,Saxifraga spatulata,
359304,89,Saxifraga sponhemica,
359312,89,Saxifraga stellaris,
359319,89,Saxifraga stellaris var. gemmifera,
359314,89,Saxifraga stellaris var. gemmifera,
361611,89,Saxifraga tridactylites,
359305,89,Saxifraga viscosa,
358739,89,Scabiosa arvensis,
359320,89,Scabiosa columbaria,
361775,89,Scabiosa succisa,
359325,89,Schoenoplectus lacustris,
359184,89,Schoenus albus,
359334,89,Schoenus nigricans,
360720,89,Scilla non-scripta,
360721,89,Scilla nutans,
359326,89,Scirpus lacustris,
358346,89,Scirpus multicaulis,
359344,89,Scirpus sylvaticus,
359165,89,Sclerochloa festuciformis,
359166,89,Sclerochloa maritima,
360195,87,Scolopendrium ceterach,
361160,87,Scolopendrium officinale,
361161,87,Scolopendrium officinarum,
361162,87,Scolopendrium phyllitis,
357848,87,Scolopendrium ruta-muraria,
361175,87,Scolopendrium scolopendrium,
361155,87,Scolopendrium scolopendrium,
361163,87,Scolopendrium vulgare,
359352,89,Scutellaria galericuata,
359351,89,Scutellaria galericulata,
361619,89,Scutellaria minor,
361618,89,Scutellaria minor,
359361,89,Sedum acre,
359373,89,Sedum anglicum,
359372,89,Sedum anglicum,
361635,89,Sedum rhodiola,
361634,89,Sedum rhodiola,
361626,89,Sedum rosea,
358655,78,Selago vulgaris,
359378,89,Senecio aquaticus,
359386,89,Senecio erraticus,
359387,89,Senecio erraticus,
359388,89,Senecio erucifolius,
361636,89,Senecio jacobaea,
361655,89,Senecio jacobaea subsp. dunensis,
361637,89,Senecio jacobaea subsp. dunensis,
360247,89,Serratula arvensis,
359396,89,Serratula tinctoria,
361656,89,Sherardia arvensis,
361657,89,Sherardia arvensis subsp. maritima,
357879,89,Siella erecta,
359404,89,Silaum flavescens,
359405,89,Silaum pratensis,
359403,89,Silaum silaus,
361663,89,Silene dioica,
361669,89,Silene dioica subsp. zetlandica,
361667,89,Silene dioica var. zetlandica,
368757,89,Silene flos-cuculi,
368769,89,Silene flos-cuculi,
361687,89,Silene latifolia,
361688,89,Silene latifolia,
359415,89,Silene maritima,
359413,89,Silene uniflora,
359417,89,Silene vulgaris subsp. alpina,
359414,89,Silene vulgaris subsp. maritima,
359424,89,Silene vulgaris subsp. maritima,
368749,89,Sisymbrium amphibium var. palustre,
359193,89,Sisymbrium nasturtium-aquaticum,
357877,89,Sium angustifolium,
357878,89,Sium erectum,
357816,89,Sium nodiflorum,
361698,89,Solanum dulcamara,
359426,89,Solidago angustifolia,
359427,89,Solidago cambrica,
359425,89,Solidago virgaurea,
359440,89,Sonchus arvensis,
359441,89,Sonchus arvensis subsp. uliginosus,
359450,89,Sonchus asper,
359451,89,Sonchus asper subsp. glaucescens,
359459,89,Sonchus asper subsp. glaucescens,
359461,89,Sonchus oleraceus,
359452,89,Sonchus oleraceus var. asper,
359462,89,Sonchus piquetii,
361706,89,Sorbus aucuparia,
359474,89,Sparganium erectum,
359488,89,Spartina anglica,
359487,89,Spartina anglica,
359497,89,Spartina townsendii,
359496,89,Spartina townsendii,
359498,89,Spartina x townsendii var. anglica,
359489,89,Spartina x townsendii var. anglica,
358193,89,Spartium scoparium,
359264,89,Spergula nodosa,
359523,89,Spergularia marginata,
359522,89,Spergularia marginata,
359512,89,Spergularia marginata,
359499,89,Spergularia marina,
359513,89,Spergularia maritima,
359509,89,Spergularia media,
359510,89,Spergularia media,
359525,89,Spergularia rubra,
359524,89,Spergularia rubra,
359508,89,Spergularia salina,
359500,89,Spergularia salina,
360520,89,Spiraea filipendula,
360500,89,Spiraea ulmaria,
359534,89,Spirodela polyrhiza,
359533,89,Spirodela polyrhiza,
361728,89,Stachys betonica,
361726,89,Stachys officinalis,
361725,89,Stachys officinalis,
359543,89,Stachys palustris,
364702,89,Statice,
364706,89,Statice,
364696,89,Statice,
360380,87,Stegania onocleoides,
361737,89,Stellaria graminea,
361744,89,Stellaria holostea,
361759,89,Stellaria media,
361758,89,Stellaria media,
360381,87,Struthiopteris crispa,
361087,87,Struthiopteris regalis,
359550,89,Suaeda maritima,
361774,89,Succisa pratensis,
358148,89,Swida sanguinea,
358136,89,Swida sanguinea,
361794,89,Symphoricarpos albus,
361793,89,Symphoricarpos albus,
361795,89,Symphoricarpos racemosus,
361807,89,Symphoricarpos racemosus,
361796,89,Symphoricarpos rivularis,
361806,89,Symphoricarpus albus,
361808,89,Symphoricarpus albus,
361797,89,Symphoricarpus racemosus,
361798,89,Symphoricarpus rivularis,
361799,89,Symphoricarpus symphoricarpos,
359560,89,Symphytum officinale,
369574,89,Tamus communis,
361824,89,Teucrium scorodonia,
359583,89,Thalictrum arenarium,
359584,89,Thalictrum babingtonii,
359585,89,Thalictrum capillare,
359604,89,Thalictrum capillare,
359601,89,Thalictrum collinum,
359603,89,Thalictrum collinum,
359602,89,Thalictrum dunense,
359605,89,Thalictrum dunense,
359588,89,Thalictrum expansum,
359570,89,Thalictrum flavum,
359589,89,Thalictrum kochii,
359590,89,Thalictrum majus,
359591,89,Thalictrum marinum,
359579,89,Thalictrum minus,
359580,89,Thalictrum minus subsp. arenarium,
359607,89,Thalictrum minus subsp. arenarium,
359594,89,Thalictrum minus subsp. elatum,
359582,89,Thalictrum minus subsp. majus,
359606,89,Thalictrum minus subsp. majus,
359581,89,Thalictrum minus subsp. minus,
359592,89,Thalictrum montanum,
359593,89,Thalictrum umbrosum,
358147,89,Thelycrania sanguinea,
358137,89,Thelycrania sanguinea,
358589,87,Thelypteris dryopteris,
358569,87,Thelypteris dryopteris,
358978,87,Thelypteris limbosperma,
358999,87,Thelypteris limbosperma,
358979,87,Thelypteris oreopteris,
359000,87,Thelypteris oreopteris,
360074,89,Thlaspi bursa-pastoris,
358103,89,Thymus acinos,
361846,89,Thymus carniolicus,
361847,89,Thymus lanuginosus,
361848,89,Thymus neglectus,
361844,89,Thymus polytrichus,
361845,89,Thymus polytrichus,
368687,89,Thymus polytrichus/pulegioides,
361862,89,Thymus praecox,
361861,89,Thymus praecox,
361850,89,Thymus pseudolanuginosus,
361851,89,Thymus pycnotrichus,
361852,89,Thymus zetlandicus,
358152,89,Tillaea helmsii,
358156,89,Tillaea recurva,
358151,89,Tillaea recurva,
359610,89,Torilis anthriscus,
359618,89,Torilis anthriscus,
359608,89,Torilis japonica,
361310,89,Tormentilla erecta,
359620,89,Trichophorum caespitosum,
359621,89,Trichophorum cespitosum,
359622,89,Trientalis europaea,
359627,89,Trifolium campestre,
359628,89,Trifolium campestre,
359640,89,Trifolium dubium,
359642,89,Trifolium filiforme,
359650,89,Trifolium fragiferum,
361863,89,Trifolium pratense,
359630,89,Trifolium procumbens,
361871,89,Trifolium repens,
359659,89,Trifolium striatum,
359665,89,Triglochin maritima,
359664,89,Triglochin maritimum,
359670,89,Triglochin palustre,
359671,89,Triglochin palustris,
359675,89,Tripleurospermum inodorum,
359676,89,Tripleurospermum inodorum,
359689,89,Tripleurospermum maritimum subsp. inodorum,
359677,89,Tripleurospermum maritimum subsp. inodorum,
359927,89,Tripolium pannonicum subsp. maritimum,
358364,89,Triticum athericum,
358361,89,Triticum pungens,
361883,89,Trollius europaeus,
357827,89,Turritis hirsuta,
359103,89,Tussilago hybrida,
359100,89,Tussilago petasites,
361895,89,Typha latifolia,
361910,89,Ulex europaeus,
361933,89,Ulex gallii,
361925,89,Ulex gallii,
368686,89,Ulex gallii/minor,
361927,89,Ulex minor subsp. gallii,
361934,89,Ulex minor subsp. gallii,
358650,78,Urostachys selago,
361936,89,Urtica dioica,
361938,89,Urtica dioica intermediate ssp.,
361940,89,Urtica dioica narrow-leaved,
361939,89,Urtica dioica narrow-leaved ssp.,
361941,89,Urtica dioica subsp. intermediate,
361937,89,Urtica hispida,
361800,89,Vaccinium album,
361963,89,Vaccinium myrtillus,
361976,89,Vaccinium oxycoccos,
361991,89,Vaccinium vitis-idaea,
361999,89,Valeriana dioica,
359694,89,Valeriana locusta,
362007,89,Valeriana officinalis,
362009,89,Valeriana officinalis subsp. collina,
362008,89,Valeriana officinalis subsp. sambucifolia,
362022,89,Valeriana officinalis subsp. sambucifolia,
360153,89,Valeriana rubra,
362010,89,Valeriana sambucifolia,
362023,89,Valeriana sambucifolia,
359690,89,Valerianella locusta,
359691,89,Valerianella locusta subsp. dunensis,
359705,89,Valerianella locusta subsp. dunensis,
359693,89,Valerianella locusta var. locusta,
359692,89,Valerianella olitaria,
362024,89,Veronica arvensis,
359706,89,Veronica beccabunga,
359714,89,Veronica montana,
362032,89,Veronica officinalis,
362046,89,Vicia cracca,
362056,89,Vicia hirsuta,
362064,89,Viola agrestis,
362065,89,Viola anglica,
362080,89,Viola arvatica,
362082,89,Viola arvatica,
362063,89,Viola arvensis,
359731,89,Viola calcarea,
359724,89,Viola calcarea,
362067,89,Viola derelicta,
362068,89,Viola deseglesei,
359722,89,Viola hirta,
359723,89,Viola hirta subsp. calcarea,
359732,89,Viola hirta subsp. calcarea,
362069,89,Viola latifolia,
359733,89,Viola lutea,
359734,89,Viola lutea,
362083,89,Viola obtusifolia,
362081,89,Viola obtusifolia,
362084,89,Viola palustris,
368694,89,Viola reichenbachiana x riviniana,
368996,89,Viola reichenbachiana/riviniana,
362093,89,Viola riviniana,
362092,89,Viola riviniana,
362107,89,Viola riviniana subsp. minor,
362094,89,Viola riviniana subsp. minor,
362096,89,Viola riviniana subsp. nemorosa,
362095,89,Viola riviniana subsp. riviniana,
368692,89,Viola riviniana x reichenbachiana = V. x bavarica,
362071,89,Viola ruralis,
362072,89,Viola segetalis,
368693,89,Viola x bavarica,
368695,89,Viola x intermedia,
360196,87,Vittaria ceterach,
359653,89,Xerosphaera fragiferum,
357905,89,Zerna erecta,
357900,89,Zerna erecta,
